allele,seq_num,start,end,length,peptide,method,Percentile Rank,ann_ic50,ann_rank,smm_ic50,smm_rank,comblib_sidney2008_score,comblib_sidney2008_rank,netmhcpan_score,netmhcpan_rank
HLA-A*02:01,3,1,12,12,YLDDRNTFVHSV,ann,0.11,11.29,0.11,-,-,-,-,-,-
HLA-B*07:02,1,1,8,8,SPLPSQAM,Consensus (ann/smm),0.18,40.96,0.17,42.27,0.2,-,-,-,-
HLA-A*02:01,3,1,9,9,YLDDRNTFV,Consensus (ann/comblib_sidney2008/smm),0.2,4.05,0.02,3.90,0.2,3.63e-06,0.3,-,-
HLA-B*35:01,3,8,16,9,FVHSVVVPY,Consensus (ann/comblib_sidney2008/smm),0.2,5.41,0.02,6.16,0.2,0.000698,7.3,-,-
HLA-A*02:01,2,9,17,9,WMPEAAPPV,Consensus (ann/comblib_sidney2008/smm),0.4,5.78,0.05,17.66,0.4,9.93e-06,0.7,-,-
HLA-B*07:02,1,1,9,9,SPLPSQAML,Consensus (ann/comblib_sidney2008/smm),0.4,43.33,0.18,50.11,0.4,0.000137,4.6,-,-
HLA-A*02:01,3,1,13,13,YLDDRNTFVHSVV,ann,0.45,41.52,0.45,-,-,-,-,-,-
HLA-B*07:02,1,3,11,9,LPSQAMLDL,Consensus (ann/comblib_sidney2008/smm),0.5,35.11,0.14,66.51,0.5,6.56e-05,2.2,-,-
HLA-A*02:01,3,1,14,14,YLDDRNTFVHSVVV,ann,0.62,58.19,0.62,-,-,-,-,-,-
HLA-A*02:01,4,1,9,9,ILTIITLEV,Consensus (ann/comblib_sidney2008/smm),0.7,35.81,0.39,41.03,0.7,1.91e-05,1.1,-,-
HLA-B*35:01,1,3,12,10,LPSQAMLDLM,Consensus (ann/smm),1.02,261.22,0.54,807.05,1.5,-,-,-,-
HLA-B*07:02,1,3,12,10,LPSQAMLDLM,Consensus (ann/smm),1.09,254.24,0.78,311.04,1.4,-,-,-,-
HLA-B*07:02,2,7,17,11,APWMPEAAPPV,Consensus (ann/smm),1.35,873.07,1.9,740.99,0.8,-,-,-,-
HLA-B*35:01,3,6,16,11,NTFVHSVVVPY,Consensus (ann/smm),1.75,2765.83,2.8,360.29,0.7,-,-,-,-
HLA-B*07:02,1,1,11,11,SPLPSQAMLDL,Consensus (ann/smm),1.95,1006.87,2.1,1332.94,1.8,-,-,-,-
HLA-A*68:01,3,8,16,9,FVHSVVVPY,Consensus (ann/smm),2.1,74.54,0.61,273.84,3.6,-,-,-,-
HLA-B*35:01,1,3,11,9,LPSQAMLDL,Consensus (ann/comblib_sidney2008/smm),2.2,67.78,0.24,170.44,2.2,0.0026,22,-,-
HLA-B*35:01,2,7,15,9,APWMPEAAP,Consensus (ann/comblib_sidney2008/smm),2.2,1940.03,2.2,710.53,5.8,0.000187,2.1,-,-
HLA-B*07:02,1,1,13,13,SPLPSQAMLDLML,ann,2.5,1436.42,2.5,-,-,-,-,-,-
HLA-A*68:01,3,6,16,11,NTFVHSVVVPY,ann,2.5,622.61,2.5,-,-,-,-,-,-
HLA-A*68:01,3,5,16,12,RNTFVHSVVVPY,ann,2.6,669.08,2.6,-,-,-,-,-,-
HLA-A*02:01,3,1,10,10,YLDDRNTFVH,Consensus (ann/smm),2.63,53.22,0.57,506.38,4.7,-,-,-,-
HLA-A*68:01,3,4,16,13,DRNTFVHSVVVPY,ann,2.7,697.79,2.7,-,-,-,-,-,-
HLA-A*68:01,3,3,16,14,DDRNTFVHSVVVPY,ann,2.7,707.13,2.7,-,-,-,-,-,-
HLA-B*07:02,1,1,12,12,SPLPSQAMLDLM,ann,2.8,1680.65,2.8,-,-,-,-,-,-
HLA-B*07:02,2,7,15,9,APWMPEAAP,Consensus (ann/comblib_sidney2008/smm),2.8,1648.70,2.8,899.27,3.1,3.26e-05,1.1,-,-
HLA-B*35:01,1,1,8,8,SPLPSQAM,Consensus (ann/smm),2.9,2333.01,2.5,10106.95,3.3,-,-,-,-
HLA-B*07:02,2,6,17,12,EAPWMPEAAPPV,ann,3.2,2174.26,3.2,-,-,-,-,-,-
HLA-B*07:02,1,3,13,11,LPSQAMLDLML,Consensus (ann/smm),3.2,1915.40,3.0,2343.20,3.4,-,-,-,-
HLA-B*35:01,3,4,16,13,DRNTFVHSVVVPY,ann,3.2,3451.55,3.2,-,-,-,-,-,-
HLA-B*35:01,3,3,16,14,DDRNTFVHSVVVPY,ann,3.3,3532.71,3.3,-,-,-,-,-,-
HLA-B*35:01,3,5,16,12,RNTFVHSVVVPY,ann,3.4,3687.28,3.4,-,-,-,-,-,-
HLA-B*35:01,3,8,17,10,FVHSVVVPYE,Consensus (ann/smm),3.41,243.23,0.52,3490.60,6.3,-,-,-,-
HLA-B*07:02,1,1,14,14,SPLPSQAMLDLMLS,ann,3.6,2608.87,3.6,-,-,-,-,-,-
HLA-B*07:02,2,5,17,13,DEAPWMPEAAPPV,ann,3.9,2942.58,3.9,-,-,-,-,-,-
HLA-A*02:01,1,7,15,9,AMLDLMLSP,Consensus (ann/comblib_sidney2008/smm),4.0,642.57,3.5,358.19,4,0.000736,29,-,-
HLA-A*02:01,2,6,17,12,EAPWMPEAAPPV,ann,4.0,815.15,4.0,-,-,-,-,-,-
HLA-A*02:01,2,5,17,13,DEAPWMPEAAPPV,ann,4.1,858.07,4.1,-,-,-,-,-,-
HLA-A*02:01,2,4,17,14,PDEAPWMPEAAPPV,ann,4.2,888.06,4.2,-,-,-,-,-,-
HLA-B*07:02,1,1,10,10,SPLPSQAMLD,Consensus (ann/smm),4.2,1343.32,2.4,1576.96,6,-,-,-,-
HLA-B*07:02,2,4,17,14,PDEAPWMPEAAPPV,ann,4.2,3315.78,4.2,-,-,-,-,-,-
HLA-B*35:01,2,6,14,9,EAPWMPEAA,Consensus (ann/comblib_sidney2008/smm),4.2,5013.09,4.2,1195.58,8.3,9.91e-05,1,-,-
HLA-B*07:02,2,7,16,10,APWMPEAAPP,Consensus (ann/smm),4.3,3733.53,4.5,1044.29,4.1,-,-,-,-
HLA-B*07:02,1,3,14,12,LPSQAMLDLMLS,ann,4.6,3881.53,4.6,-,-,-,-,-,-
HLA-A*02:01,2,8,17,10,PWMPEAAPPV,Consensus (ann/smm),4.65,56.83,0.6,1170.79,8.7,-,-,-,-
HLA-B*07:02,1,2,13,12,PLPSQAMLDLML,ann,4.8,4135.96,4.8,-,-,-,-,-,-
HLA-A*68:01,3,7,16,10,TFVHSVVVPY,Consensus (ann/smm),4.95,434,2.1,1121.99,7.8,-,-,-,-
HLA-B*35:01,3,6,17,12,NTFVHSVVVPYE,ann,5.0,6288.05,5.0,-,-,-,-,-,-
HLA-B*07:02,2,10,17,8,MPEAAPPV,Consensus (ann/smm),5.1,2058.31,3.1,2409.96,7.1,-,-,-,-
HLA-B*35:01,1,1,12,12,SPLPSQAMLDLM,ann,5.1,6308.63,5.1,-,-,-,-,-,-
HLA-B*07:02,1,3,16,14,LPSQAMLDLMLSPD,ann,5.2,4782.45,5.2,-,-,-,-,-,-
HLA-B*35:01,1,1,9,9,SPLPSQAML,Consensus (ann/comblib_sidney2008/smm),5.2,1071.67,1.5,592.35,5.2,0.00267,22,-,-
HLA-B*35:01,2,1,9,9,DPGPDEAPW,Consensus (ann/comblib_sidney2008/smm),5.2,1736.36,2.1,589.63,5.2,0.0024,21,-,-
HLA-B*07:02,1,3,15,13,LPSQAMLDLMLSP,ann,5.3,4899.56,5.3,-,-,-,-,-,-
HLA-B*35:01,1,3,16,14,LPSQAMLDLMLSPD,ann,5.4,6900.04,5.4,-,-,-,-,-,-
HLA-B*35:01,1,3,14,12,LPSQAMLDLMLS,ann,5.5,6977.67,5.5,-,-,-,-,-,-
HLA-B*07:02,2,7,14,8,APWMPEAA,Consensus (ann/smm),5.7,2125.05,3.2,2741.64,8.2,-,-,-,-
HLA-B*35:01,3,4,17,14,DRNTFVHSVVVPYE,ann,5.8,7459.55,5.8,-,-,-,-,-,-
HLA-B*35:01,1,3,15,13,LPSQAMLDLMLSP,ann,5.9,7642.38,5.9,-,-,-,-,-,-
HLA-B*35:01,3,5,17,13,RNTFVHSVVVPYE,ann,6.0,7702.40,6.0,-,-,-,-,-,-
HLA-B*35:01,2,1,10,10,DPGPDEAPWM,Consensus (ann/smm),6.05,1927.93,2.2,5819.69,9.9,-,-,-,-
HLA-B*35:01,2,7,16,10,APWMPEAAPP,Consensus (ann/smm),6.25,12657.46,9.5,1617.71,3,-,-,-,-
HLA-B*35:01,3,9,16,8,VHSVVVPY,Consensus (ann/smm),6.25,8500.75,6.5,13983.63,6,-,-,-,-
HLA-B*07:02,2,3,13,11,GPDEAPWMPEA,Consensus (ann/smm),6.45,13199.57,12,770.57,0.9,-,-,-,-
HLA-B*35:01,2,3,11,9,GPDEAPWMP,Consensus (ann/comblib_sidney2008/smm),6.6,8634.42,6.6,5100.12,21,0.000598,6.4,-,-
HLA-B*07:02,1,2,14,13,PLPSQAMLDLMLS,ann,6.9,7408.63,6.9,-,-,-,-,-,-
HLA-A*68:01,3,6,17,12,NTFVHSVVVPYE,ann,7.0,4558.33,7.0,-,-,-,-,-,-
HLA-B*35:01,1,2,13,12,PLPSQAMLDLML,ann,7.2,9508.36,7.2,-,-,-,-,-,-
HLA-B*07:02,2,3,12,10,GPDEAPWMPE,Consensus (ann/smm),7.25,11132.63,9.3,1351.51,5.2,-,-,-,-
HLA-A*68:01,3,5,17,13,RNTFVHSVVVPYE,ann,7.4,5048.52,7.4,-,-,-,-,-,-
HLA-B*35:01,1,1,13,13,SPLPSQAMLDLML,ann,7.4,9826.21,7.4,-,-,-,-,-,-
HLA-A*68:01,3,4,17,14,DRNTFVHSVVVPYE,ann,7.6,5264.52,7.6,-,-,-,-,-,-
HLA-A*02:01,1,5,13,9,SQAMLDLML,Consensus (ann/comblib_sidney2008/smm),7.7,1075,4.7,1104.36,7.7,0.01,75,-,-
HLA-B*35:01,3,7,16,10,TFVHSVVVPY,Consensus (ann/smm),7.79,282.70,0.58,8607.96,15,-,-,-,-
HLA-A*02:01,1,7,14,8,AMLDLMLS,Consensus (ann/smm),7.85,5344.06,14,202.40,1.7,-,-,-,-
HLA-B*07:02,1,2,15,14,PLPSQAMLDLMLSP,ann,7.9,8925.56,7.9,-,-,-,-,-,-
HLA-B*07:02,1,3,10,8,LPSQAMLD,Consensus (ann/smm),8.0,16046.86,14,582.12,2,-,-,-,-
HLA-A*02:01,2,10,17,8,MPEAAPPV,Consensus (ann/smm),8.15,895.85,4.3,1726.67,12,-,-,-,-
HLA-A*02:01,3,6,14,9,NTFVHSVVV,Consensus (ann/comblib_sidney2008/smm),8.5,2005.42,6.9,1315.56,8.5,0.00124,39,-,-
HLA-A*02:01,1,7,16,10,AMLDLMLSPD,Consensus (ann/smm),8.85,5955.23,15,253.79,2.7,-,-,-,-
HLA-A*02:01,1,8,16,9,MLDLMLSPD,Consensus (ann/comblib_sidney2008/smm),8.9,8067.39,18,1429.26,8.9,3.44e-06,0.3,-,-
HLA-A*68:01,3,8,17,10,FVHSVVVPYE,Consensus (ann/smm),8.9,2188.35,4.8,2290.81,13,-,-,-,-
HLA-B*35:01,1,6,14,9,QAMLDLMLS,Consensus (ann/comblib_sidney2008/smm),9.2,12339.15,9.2,7287.52,24,0.000861,8.7,-,-
HLA-B*35:01,3,1,10,10,YLDDRNTFVH,Consensus (ann/smm),9.3,14782.52,13,3082.48,5.6,-,-,-,-
HLA-B*35:01,1,8,16,9,MLDLMLSPD,Consensus (ann/comblib_sidney2008/smm),9.8,13127.78,9.8,2521.04,14,0.000523,5.6,-,-
HLA-A*68:01,3,6,14,9,NTFVHSVVV,Consensus (ann/smm),9.9,4337.95,6.8,1627.38,13,-,-,-,-
HLA-B*35:01,1,2,14,13,PLPSQAMLDLMLS,ann,9.9,13199.57,9.9,-,-,-,-,-,-
HLA-B*35:01,3,8,15,8,FVHSVVVP,Consensus (ann/smm),10.0,19779.78,18,7666.90,2,-,-,-,-
HLA-B*35:01,1,1,14,14,SPLPSQAMLDLMLS,ann,10.0,13372.94,10,-,-,-,-,-,-
HLA-B*35:01,2,10,17,8,MPEAAPPV,Consensus (ann/smm),10.75,3912.52,3.5,26340.26,18,-,-,-,-
HLA-A*68:01,3,6,15,10,NTFVHSVVVP,Consensus (ann/smm),11.35,7979.37,9.7,2588.15,13,-,-,-,-
HLA-B*35:01,2,6,15,10,EAPWMPEAAP,Consensus (ann/smm),11.45,9039.66,6.9,8972.22,16,-,-,-,-
HLA-A*02:01,4,2,9,8,LTIITLEV,Consensus (ann/smm),11.55,1623.15,6.1,3883.38,17,-,-,-,-
HLA-B*35:01,1,2,15,14,PLPSQAMLDLMLSP,ann,12.0,14075.75,12,-,-,-,-,-,-
HLA-B*35:01,2,1,13,13,DPGPDEAPWMPEA,ann,12.0,13922.92,12,-,-,-,-,-,-
HLA-B*35:01,2,1,12,12,DPGPDEAPWMPE,ann,12.0,13670.50,12,-,-,-,-,-,-
HLA-B*07:02,3,5,13,9,RNTFVHSVV,Consensus (ann/comblib_sidney2008/smm),12.0,12125.27,10,6395.73,12,0.00054,16,-,-
HLA-B*07:02,3,5,14,10,RNTFVHSVVV,Consensus (ann/smm),12.45,18709.37,17,2156.85,7.9,-,-,-,-
HLA-A*02:01,1,8,15,8,MLDLMLSP,Consensus (ann/smm),12.65,7366.03,17,1213.98,8.3,-,-,-,-
HLA-B*35:01,2,1,8,8,DPGPDEAP,Consensus (ann/smm),12.75,22759.96,22,10558.93,3.5,-,-,-,-
HLA-B*35:01,1,3,10,8,LPSQAMLD,Consensus (ann/smm),12.9,23159.42,22,10955.19,3.8,-,-,-,-
HLA-A*02:01,3,2,9,8,LDDRNTFV,Consensus (ann/smm),12.95,1149.05,4.9,5214.47,21,-,-,-,-
HLA-B*35:01,2,5,15,11,DEAPWMPEAAP,Consensus (ann/smm),12.95,21604.12,20,1569.10,5.9,-,-,-,-
HLA-B*35:01,2,1,14,14,DPGPDEAPWMPEAA,ann,13.0,14783.16,13,-,-,-,-,-,-
HLA-B*35:01,2,9,17,9,WMPEAAPPV,Consensus (ann/comblib_sidney2008/smm),13.0,6749.78,5.3,1956.95,13,0.01,38,-,-
HLA-A*02:01,1,6,15,10,QAMLDLMLSP,Consensus (ann/smm),13.2,3386.23,9.4,3107.99,17,-,-,-,-
HLA-B*35:01,1,6,15,10,QAMLDLMLSP,Consensus (ann/smm),14.75,24687.92,25,2392.76,4.5,-,-,-,-
HLA-B*07:02,2,3,10,8,GPDEAPWM,Consensus (ann/smm),15.5,19607.82,17,4140.09,14,-,-,-,-
HLA-A*02:01,3,8,17,10,FVHSVVVPYE,Consensus (ann/smm),15.55,13470.66,25,725.24,6.1,-,-,-,-
HLA-A*02:01,3,1,11,11,YLDDRNTFVHS,Consensus (ann/smm),15.75,643.82,3.5,3372.17,28,-,-,-,-
HLA-A*02:01,3,8,16,9,FVHSVVVPY,Consensus (ann/comblib_sidney2008/smm),16.0,7431.44,17,3707.75,16,2.29e-05,1.4,-,-
HLA-B*07:02,1,5,13,9,SQAMLDLML,Consensus (ann/comblib_sidney2008/smm),16.0,15900.99,14,11063.44,16,0.00219,38,-,-
HLA-B*07:02,2,1,9,9,DPGPDEAPW,Consensus (ann/comblib_sidney2008/smm),16.0,18475.22,16,6868.94,12,0.00448,53,-,-
HLA-B*35:01,1,1,10,10,SPLPSQAMLD,Consensus (ann/smm),16.5,17995.41,16,9815.22,17,-,-,-,-
HLA-B*35:01,3,1,8,8,YLDDRNTF,Consensus (ann/smm),16.5,18673.17,17,23912.23,16,-,-,-,-
HLA-B*07:02,2,6,16,11,EAPWMPEAAPP,Consensus (ann/smm),16.5,21342.98,19,7958.11,14,-,-,-,-
HLA-B*35:01,3,2,10,9,LDDRNTFVH,Consensus (ann/comblib_sidney2008/smm),17.0,11962.78,9.0,3504.13,17,0.00443,31,-,-
HLA-A*02:01,4,1,8,8,ILTIITLE,Consensus (ann/smm),17.8,14024.82,26,1546,9.6,-,-,-,-
HLA-B*35:01,2,3,12,10,GPDEAPWMPE,Consensus (ann/smm),18.0,21045.56,19,10090.21,17,-,-,-,-
HLA-B*07:02,2,2,13,12,PGPDEAPWMPEA,ann,18.0,20304.08,18,-,-,-,-,-,-
HLA-B*07:02,2,3,14,12,GPDEAPWMPEAA,ann,18.0,19687.75,18,-,-,-,-,-,-
HLA-A*68:01,3,7,17,11,TFVHSVVVPYE,ann,18.0,17425.76,18,-,-,-,-,-,-
HLA-B*35:01,1,4,12,9,PSQAMLDLM,Consensus (ann/comblib_sidney2008/smm),18.0,17855.96,16,11955.84,31,0.00199,18,-,-
HLA-A*02:01,1,7,17,11,AMLDLMLSPDD,Consensus (ann/smm),18.1,19395.55,34,231.69,2.2,-,-,-,-
HLA-B*35:01,2,6,16,11,EAPWMPEAAPP,Consensus (ann/smm),18.5,24364.96,24,2733.07,13,-,-,-,-
HLA-B*35:01,2,3,10,8,GPDEAPWM,Consensus (ann/smm),18.5,17538.49,15,31595.12,22,-,-,-,-
HLA-B*07:02,1,2,9,8,PLPSQAML,Consensus (ann/smm),18.75,6626.62,6.5,13521.04,31,-,-,-,-
HLA-A*02:01,1,5,14,10,SQAMLDLMLS,Consensus (ann/smm),19.0,7311.09,17,4835.93,21,-,-,-,-
HLA-A*02:01,1,8,17,10,MLDLMLSPDD,Consensus (ann/smm),19.0,13749.11,25,1800.86,13,-,-,-,-
HLA-B*35:01,2,8,15,8,PWMPEAAP,Consensus (ann/smm),19.5,24359.43,24,22941.40,15,-,-,-,-
HLA-B*35:01,2,7,14,8,APWMPEAA,Consensus (ann/smm),20.0,19799.47,18,30875.93,22,-,-,-,-
HLA-B*07:02,2,3,15,13,GPDEAPWMPEAAP,ann,20.0,22122.39,20,-,-,-,-,-,-
HLA-B*07:02,2,3,16,14,GPDEAPWMPEAAPP,ann,20.0,21628.69,20,-,-,-,-,-,-
HLA-B*07:02,3,1,9,9,YLDDRNTFV,Consensus (ann/comblib_sidney2008/smm),20.0,21242.54,19,18488,20,0.01,67,-,-
HLA-B*07:02,4,1,9,9,ILTIITLEV,Consensus (ann/comblib_sidney2008/smm),20.0,18572.62,16,19226.05,20,0.01,66,-,-
HLA-B*07:02,4,2,9,8,LTIITLEV,Consensus (ann/smm),20.1,29016.79,32,2747.96,8.2,-,-,-,-
HLA-A*02:01,3,4,14,11,DRNTFVHSVVV,Consensus (ann/smm),20.5,15317.55,27,1207.56,14,-,-,-,-
HLA-B*07:02,1,5,12,8,SQAMLDLM,Consensus (ann/smm),20.5,29107.67,33,2685.41,8,-,-,-,-
HLA-A*02:01,1,3,15,13,LPSQAMLDLMLSP,ann,21.0,10372.43,21,-,-,-,-,-,-
HLA-B*07:02,2,1,13,13,DPGPDEAPWMPEA,ann,21.0,22662.90,21,-,-,-,-,-,-
HLA-A*68:01,3,9,16,8,VHSVVVPY,ann,21.0,20382.22,21,-,-,-,-,-,-
HLA-B*07:02,3,6,14,9,NTFVHSVVV,Consensus (ann/comblib_sidney2008/smm),21.0,19835.71,18,20696.17,21,0.01,75,-,-
HLA-B*07:02,2,1,11,11,DPGPDEAPWMP,Consensus (ann/smm),21.2,31125.59,38,2943.13,4.4,-,-,-,-
HLA-A*02:01,3,5,14,10,RNTFVHSVVV,Consensus (ann/smm),21.5,4178.29,12,10362.87,31,-,-,-,-
HLA-A*68:01,1,6,14,9,QAMLDLMLS,Consensus (ann/smm),21.5,16986.06,18,6345.85,25,-,-,-,-
HLA-B*07:02,2,5,16,12,DEAPWMPEAAPP,ann,22.0,23424.02,22,-,-,-,-,-,-
HLA-B*07:02,2,1,10,10,DPGPDEAPWM,Consensus (ann/smm),22.0,14458.71,13,11345.40,31,-,-,-,-
HLA-B*35:01,2,6,17,12,EAPWMPEAAPPV,ann,22.0,22681.79,22,-,-,-,-,-,-
HLA-B*07:02,3,8,16,9,FVHSVVVPY,Consensus (ann/comblib_sidney2008/smm),22.0,16491.48,15,22227.47,22,0.01,67,-,-
HLA-A*02:01,1,1,13,13,SPLPSQAMLDLML,ann,23.0,11932.27,23,-,-,-,-,-,-
HLA-A*02:01,3,2,14,13,LDDRNTFVHSVVV,ann,23.0,12025.33,23,-,-,-,-,-,-
HLA-B*35:01,2,2,9,8,PGPDEAPW,Consensus (ann/smm),23.0,22541.61,21,34643.36,25,-,-,-,-
HLA-B*07:02,2,4,16,13,PDEAPWMPEAAPP,ann,23.0,24261.32,23,-,-,-,-,-,-
HLA-B*07:02,2,9,17,9,WMPEAAPPV,Consensus (ann/comblib_sidney2008/smm),23.0,21201.89,19,23817.16,23,0.00259,41,-,-
HLA-B*35:01,2,8,16,9,PWMPEAAPP,Consensus (ann/comblib_sidney2008/smm),23.0,23724.50,23,50070.28,52,0.00273,22,-,-
HLA-A*02:01,1,2,13,12,PLPSQAMLDLML,ann,23.0,12293.31,23,-,-,-,-,-,-
HLA-B*07:02,2,8,15,8,PWMPEAAP,Consensus (ann/smm),23.5,26926.48,28,6382.78,19,-,-,-,-
HLA-A*02:01,3,1,8,8,YLDDRNTF,Consensus (ann/smm),24.0,12004.52,23,7034.12,25,-,-,-,-
HLA-A*02:01,1,2,15,14,PLPSQAMLDLMLSP,ann,24.0,12470,24,-,-,-,-,-,-
HLA-B*35:01,2,3,15,13,GPDEAPWMPEAAP,ann,24.0,24103.80,24,-,-,-,-,-,-
HLA-B*35:01,2,3,14,12,GPDEAPWMPEAA,ann,24.0,24151.84,24,-,-,-,-,-,-
HLA-B*35:01,1,3,13,11,LPSQAMLDLML,Consensus (ann/smm),24.35,4241.37,3.7,13888.33,45,-,-,-,-
HLA-A*68:01,2,6,14,9,EAPWMPEAA,Consensus (ann/smm),24.5,22317.85,23,7038.66,26,-,-,-,-
HLA-A*68:01,1,5,14,10,SQAMLDLMLS,Consensus (ann/smm),24.5,24596.46,26,8355.84,23,-,-,-,-
HLA-B*35:01,2,3,16,14,GPDEAPWMPEAAPP,ann,25.0,25041.14,25,-,-,-,-,-,-
HLA-B*35:01,2,5,17,13,DEAPWMPEAAPPV,ann,25.0,24628.68,25,-,-,-,-,-,-
HLA-B*35:01,3,6,14,9,NTFVHSVVV,Consensus (ann/comblib_sidney2008/smm),25.0,13148.96,9.9,14111.72,33,0.00313,25,-,-
HLA-A*02:01,1,4,15,12,PSQAMLDLMLSP,ann,25.0,13513.73,25,-,-,-,-,-,-
HLA-B*07:02,3,5,12,8,RNTFVHSV,Consensus (ann/smm),25.85,32743.32,43,2924.22,8.7,-,-,-,-
HLA-A*02:01,1,6,14,9,QAMLDLMLS,Consensus (ann/comblib_sidney2008/smm),26.0,12700.95,24,12885.76,26,0.000853,32,-,-
HLA-A*02:01,1,4,13,10,PSQAMLDLML,Consensus (ann/smm),27.0,4823.51,13,19475.11,41,-,-,-,-
HLA-B*07:02,2,2,14,13,PGPDEAPWMPEAA,ann,27.0,26346.06,27,-,-,-,-,-,-
HLA-A*68:01,3,7,15,9,TFVHSVVVP,Consensus (ann/smm),27.0,24109.80,25,8902.05,29,-,-,-,-
HLA-B*35:01,1,5,13,9,SQAMLDLML,Consensus (ann/comblib_sidney2008/smm),27.0,11363.37,8.5,9153.35,27,0.03,78,-,-
HLA-B*07:02,1,4,11,8,PSQAMLDL,Consensus (ann/smm),27.65,3426.36,4.3,36141.82,51,-,-,-,-
HLA-B*07:02,1,2,12,11,PLPSQAMLDLM,Consensus (ann/smm),27.7,4944.46,5.4,37394.70,50,-,-,-,-
HLA-B*35:01,2,2,15,14,PGPDEAPWMPEAAP,ann,28.0,26775.69,28,-,-,-,-,-,-
HLA-B*35:01,2,4,17,14,PDEAPWMPEAAPPV,ann,28.0,26558.14,28,-,-,-,-,-,-
HLA-A*68:01,2,6,15,10,EAPWMPEAAP,Consensus (ann/smm),28.0,25701.31,27,13867.24,29,-,-,-,-
HLA-B*35:01,1,9,17,9,LDLMLSPDD,Consensus (ann/comblib_sidney2008/smm),28.0,24432.01,24,9540.69,28,0.01,50,-,-
HLA-A*02:01,3,3,14,12,DDRNTFVHSVVV,ann,28.0,15855.46,28,-,-,-,-,-,-
HLA-A*02:01,1,5,15,11,SQAMLDLMLSP,Consensus (ann/smm),28.5,11457.94,22,5010.83,35,-,-,-,-
HLA-A*02:01,3,6,13,8,NTFVHSVV,Consensus (ann/smm),29.0,18267.51,32,7399.63,26,-,-,-,-
HLA-B*35:01,1,8,17,10,MLDLMLSPDD,Consensus (ann/smm),29.0,32628.39,43,8315.72,15,-,-,-,-
HLA-B*35:01,2,4,15,12,PDEAPWMPEAAP,ann,29.0,27257.41,29,-,-,-,-,-,-
HLA-B*35:01,2,5,16,12,DEAPWMPEAAPP,ann,29.0,27033.31,29,-,-,-,-,-,-
HLA-B*07:02,1,7,15,9,AMLDLMLSP,Consensus (ann/comblib_sidney2008/smm),29.0,27382.15,29,206485.71,51,0.000733,20,-,-
HLA-A*02:01,1,2,11,10,PLPSQAMLDL,Consensus (ann/smm),29.5,17209.34,30,9257.21,29,-,-,-,-
HLA-A*02:01,2,7,17,11,APWMPEAAPPV,Consensus (ann/smm),29.7,599.59,3.4,12703.11,56,-,-,-,-
HLA-A*02:01,3,4,16,13,DRNTFVHSVVVPY,ann,30.0,17259.14,30,-,-,-,-,-,-
HLA-A*02:01,1,3,16,14,LPSQAMLDLMLSPD,ann,30.0,16950.08,30,-,-,-,-,-,-
HLA-A*02:01,3,3,16,14,DDRNTFVHSVVVPY,ann,30.0,17348.81,30,-,-,-,-,-,-
HLA-A*68:01,3,1,14,14,YLDDRNTFVHSVVV,ann,30.0,28041.17,30,-,-,-,-,-,-
HLA-B*07:02,2,1,14,14,DPGPDEAPWMPEAA,ann,30.0,28048.75,30,-,-,-,-,-,-
HLA-B*07:02,2,2,15,14,PGPDEAPWMPEAAP,ann,30.0,27698.90,30,-,-,-,-,-,-
HLA-A*68:01,3,9,17,9,VHSVVVPYE,Consensus (ann/smm),30.0,32555.75,38,4925.95,22,-,-,-,-
HLA-A*02:01,3,5,16,12,RNTFVHSVVVPY,ann,30.0,17105.76,30,-,-,-,-,-,-
HLA-A*02:01,1,6,13,8,QAMLDLML,Consensus (ann/smm),30.5,13486.71,25,12829.51,36,-,-,-,-
HLA-A*02:01,1,2,14,13,PLPSQAMLDLMLS,ann,31.0,17471.82,31,-,-,-,-,-,-
HLA-A*68:01,3,5,14,10,RNTFVHSVVV,Consensus (ann/smm),31.0,18658.83,19,38724.87,43,-,-,-,-
HLA-B*35:01,3,7,15,9,TFVHSVVVP,Consensus (ann/comblib_sidney2008/smm),31.0,24211.76,24,12290.80,31,0.01,46,-,-
HLA-A*02:01,1,3,14,12,LPSQAMLDLMLS,ann,31.0,17455.95,31,-,-,-,-,-,-
HLA-A*02:01,1,5,16,12,SQAMLDLMLSPD,ann,31.0,17895.41,31,-,-,-,-,-,-
HLA-A*02:01,1,3,13,11,LPSQAMLDLML,Consensus (ann/smm),31.5,11050.07,22,6651.35,41,-,-,-,-
HLA-B*35:01,2,1,11,11,DPGPDEAPWMP,Consensus (ann/smm),31.95,11876.63,8.9,21411.64,55,-,-,-,-
HLA-A*02:01,2,9,16,8,WMPEAAPP,Consensus (ann/smm),32.0,26673.92,47,3874.45,17,-,-,-,-
HLA-A*02:01,1,4,16,13,PSQAMLDLMLSPD,ann,32.0,18655.61,32,-,-,-,-,-,-
HLA-A*02:01,1,1,14,14,SPLPSQAMLDLMLS,ann,32.0,18266.52,32,-,-,-,-,-,-
HLA-A*68:01,3,6,13,8,NTFVHSVV,ann,32.0,29324.84,32,-,-,-,-,-,-
HLA-A*02:01,2,5,13,9,DEAPWMPEA,Consensus (ann/comblib_sidney2008/smm),32.0,32574.78,63,25888.69,32,0.000311,16,-,-
HLA-A*68:01,4,1,9,9,ILTIITLEV,Consensus (ann/smm),32.5,21351.99,22,23631.43,43,-,-,-,-
HLA-B*07:02,1,6,13,8,QAMLDLML,Consensus (ann/smm),33.0,22934.98,21,27797.77,45,-,-,-,-
HLA-A*68:01,3,8,15,8,FVHSVVVP,ann,33.0,29746.34,33,-,-,-,-,-,-
HLA-A*02:01,3,5,12,8,RNTFVHSV,Consensus (ann/smm),33.5,21459.91,37,9799.64,30,-,-,-,-
HLA-A*68:01,3,1,10,10,YLDDRNTFVH,Consensus (ann/smm),33.5,25003.23,26,32960.21,41,-,-,-,-
HLA-B*35:01,1,2,12,11,PLPSQAMLDLM,Consensus (ann/smm),33.9,5933.43,4.8,29556.30,63,-,-,-,-
HLA-A*68:01,3,4,15,12,DRNTFVHSVVVP,ann,34.0,30459.27,34,-,-,-,-,-,-
HLA-A*02:01,1,5,17,13,SQAMLDLMLSPDD,ann,34.0,19603.79,34,-,-,-,-,-,-
HLA-A*68:01,3,3,15,13,DDRNTFVHSVVVP,ann,34.0,30522.61,34,-,-,-,-,-,-
HLA-A*02:01,3,2,15,14,LDDRNTFVHSVVVP,ann,34.0,19338.76,34,-,-,-,-,-,-
HLA-A*68:01,3,2,15,14,LDDRNTFVHSVVVP,ann,34.0,30561.61,34,-,-,-,-,-,-
HLA-B*35:01,2,2,14,13,PGPDEAPWMPEAA,ann,34.0,29467,34,-,-,-,-,-,-
HLA-A*68:01,3,5,15,11,RNTFVHSVVVP,ann,34.0,30260.54,34,-,-,-,-,-,-
HLA-B*35:01,1,2,9,8,PLPSQAML,Consensus (ann/smm),34.5,22457.13,21,60342.04,48,-,-,-,-
HLA-B*07:02,3,1,8,8,YLDDRNTF,Consensus (ann/smm),34.5,30373.06,36,15101.15,33,-,-,-,-
HLA-A*02:01,3,5,17,13,RNTFVHSVVVPYE,ann,35.0,20130.62,35,-,-,-,-,-,-
HLA-A*02:01,1,4,17,14,PSQAMLDLMLSPDD,ann,35.0,20436.54,35,-,-,-,-,-,-
HLA-A*02:01,3,4,17,14,DRNTFVHSVVVPYE,ann,35.0,20452.69,35,-,-,-,-,-,-
HLA-B*07:02,2,1,12,12,DPGPDEAPWMPE,ann,35.0,30180.75,35,-,-,-,-,-,-
HLA-A*02:01,1,1,9,9,SPLPSQAML,Consensus (ann/comblib_sidney2008/smm),35.0,22832.49,40,13004.99,26,0.00104,35,-,-
HLA-A*02:01,3,6,17,12,NTFVHSVVVPYE,ann,35.0,20007.50,35,-,-,-,-,-,-
HLA-B*35:01,1,5,12,8,SQAMLDLM,Consensus (ann/smm),35.5,32799.34,44,36950.47,27,-,-,-,-
HLA-B*07:02,1,5,14,10,SQAMLDLMLS,Consensus (ann/smm),35.5,28898.35,32,17734.54,39,-,-,-,-
HLA-A*02:01,1,2,9,8,PLPSQAML,Consensus (ann/smm),36.0,30151.06,56,3469.05,16,-,-,-,-
HLA-A*02:01,3,9,16,8,VHSVVVPY,Consensus (ann/smm),36.0,28066.66,51,5523.44,21,-,-,-,-
HLA-B*07:02,2,4,15,12,PDEAPWMPEAAP,ann,36.0,30497.21,36,-,-,-,-,-,-
HLA-B*07:02,3,5,16,12,RNTFVHSVVVPY,ann,36.0,30259.90,36,-,-,-,-,-,-
HLA-A*02:01,3,4,12,9,DRNTFVHSV,Consensus (ann/comblib_sidney2008/smm),36.0,27305.53,49,35327.26,36,0.000742,29,-,-
HLA-B*07:02,2,3,11,9,GPDEAPWMP,Consensus (ann/comblib_sidney2008/smm),36.0,30434.90,36,88489.15,39,0.00197,36,-,-
HLA-B*07:02,2,6,14,9,EAPWMPEAA,Consensus (ann/comblib_sidney2008/smm),36.0,30222.26,36,92021.65,39,0.000418,14,-,-
HLA-B*35:01,2,2,10,9,PGPDEAPWM,Consensus (ann/comblib_sidney2008/smm),36.0,22780.17,22,18263.33,36,0.03,78,-,-
HLA-B*35:01,4,1,9,9,ILTIITLEV,Consensus (ann/comblib_sidney2008/smm),36.0,20045.64,18,21507.01,39,0.01,36,-,-
HLA-A*02:01,1,6,17,12,QAMLDLMLSPDD,ann,36.0,21079.97,36,-,-,-,-,-,-
HLA-B*07:02,2,1,8,8,DPGPDEAP,Consensus (ann/smm),36.45,37677.54,67,1981.57,5.9,-,-,-,-
HLA-A*02:01,3,7,14,8,TFVHSVVV,Consensus (ann/smm),36.5,14446.99,26,20054.42,47,-,-,-,-
HLA-A*02:01,3,7,16,10,TFVHSVVVPY,Consensus (ann/smm),36.5,12599.12,24,32395.15,49,-,-,-,-
HLA-A*02:01,1,9,16,8,LDLMLSPD,Consensus (ann/smm),37.0,29875.03,55,4377.34,19,-,-,-,-
HLA-B*07:02,1,7,16,10,AMLDLMLSPD,Consensus (ann/smm),37.0,32971.55,44,10735.44,30,-,-,-,-
HLA-B*07:02,2,2,12,11,PGPDEAPWMPE,Consensus (ann/smm),37.0,29854.68,35,26351.78,39,-,-,-,-
HLA-B*07:02,1,5,15,11,SQAMLDLMLSP,Consensus (ann/smm),37.5,35604.66,55,11582.71,20,-,-,-,-
HLA-A*68:01,3,2,14,13,LDDRNTFVHSVVV,ann,38.0,32399.02,38,-,-,-,-,-,-
HLA-B*35:01,2,4,16,13,PDEAPWMPEAAPP,ann,38.0,30920.84,38,-,-,-,-,-,-
HLA-B*07:02,1,2,11,10,PLPSQAMLDL,Consensus (ann/smm),38.7,1326.74,2.4,106615.41,75,-,-,-,-
HLA-A*02:01,3,8,15,8,FVHSVVVP,Consensus (ann/smm),39.0,16774.56,30,20474.34,48,-,-,-,-
HLA-B*35:01,3,6,15,10,NTFVHSVVVP,Consensus (ann/smm),39.0,34821.36,50,21473.36,28,-,-,-,-
HLA-B*35:01,3,1,11,11,YLDDRNTFVHS,Consensus (ann/smm),39.0,32358.74,42,9652.73,36,-,-,-,-
HLA-B*07:02,2,2,9,8,PGPDEAPW,Consensus (ann/smm),39.0,23566.90,22,47425.29,56,-,-,-,-
HLA-B*07:02,3,7,14,8,TFVHSVVV,Consensus (ann/smm),39.0,36092.21,58,7112.30,20,-,-,-,-
HLA-A*02:01,3,4,15,12,DRNTFVHSVVVP,ann,39.0,22797.93,39,-,-,-,-,-,-
HLA-B*35:01,3,7,17,11,TFVHSVVVPYE,Consensus (ann/smm),39.15,5180.55,4.3,44325.13,74,-,-,-,-
HLA-A*02:01,3,2,12,11,LDDRNTFVHSV,Consensus (ann/smm),39.5,27808.51,50,3680.53,29,-,-,-,-
HLA-A*02:01,3,7,17,11,TFVHSVVVPYE,Consensus (ann/smm),39.5,22044.26,38,6666.69,41,-,-,-,-
HLA-B*35:01,3,10,17,8,HSVVVPYE,Consensus (ann/smm),39.5,34073.38,48,41939.19,31,-,-,-,-
HLA-A*68:01,3,3,14,12,DDRNTFVHSVVV,ann,40.0,33603.28,40,-,-,-,-,-,-
HLA-A*02:01,3,3,15,13,DDRNTFVHSVVVP,ann,40.0,23214.61,40,-,-,-,-,-,-
HLA-A*02:01,3,6,15,10,NTFVHSVVVP,Consensus (ann/smm),40.0,12675.14,24,48248.08,56,-,-,-,-
HLA-B*07:02,2,5,15,11,DEAPWMPEAAP,Consensus (ann/smm),40.0,29865.67,35,31754.85,45,-,-,-,-
HLA-B*35:01,2,2,13,12,PGPDEAPWMPEA,ann,40.0,31486.31,40,-,-,-,-,-,-
HLA-A*68:01,1,6,15,10,QAMLDLMLSP,Consensus (ann/smm),40.0,27550.66,29,64861.95,51,-,-,-,-
HLA-A*02:01,1,1,11,11,SPLPSQAMLDL,Consensus (ann/smm),40.5,27916.13,50,3989.42,31,-,-,-,-
HLA-A*02:01,1,4,14,11,PSQAMLDLMLS,Consensus (ann/smm),40.5,19214.46,33,8910.66,48,-,-,-,-
HLA-B*35:01,1,1,11,11,SPLPSQAMLDL,Consensus (ann/smm),40.5,20134.97,18,29761.17,63,-,-,-,-
HLA-B*35:01,2,7,17,11,APWMPEAAPPV,Consensus (ann/smm),41.0,17435.94,15,34407.25,67,-,-,-,-
HLA-B*07:02,1,8,16,9,MLDLMLSPD,Consensus (ann/comblib_sidney2008/smm),41.0,23760.20,23,322767.65,57,0.00252,41,-,-
HLA-A*02:01,1,3,11,9,LPSQAMLDL,Consensus (ann/comblib_sidney2008/smm),42.0,23975.82,42,44989.38,39,0.01,74,-,-
HLA-A*68:01,3,4,14,11,DRNTFVHSVVV,ann,42.0,34282.30,42,-,-,-,-,-,-
HLA-B*07:02,1,6,15,10,QAMLDLMLSP,Consensus (ann/smm),42.5,33227.26,45,18485.02,40,-,-,-,-
HLA-B*07:02,3,7,16,10,TFVHSVVVPY,Consensus (ann/smm),42.5,29169.78,33,31755.58,52,-,-,-,-
HLA-A*02:01,3,5,13,9,RNTFVHSVV,Consensus (ann/comblib_sidney2008/smm),43.0,27402.61,49,55476.62,41,0.00148,43,-,-
HLA-B*07:02,1,4,12,9,PSQAMLDLM,Consensus (ann/comblib_sidney2008/smm),43.0,25324.78,25,118274.19,43,0.02,79,-,-
HLA-A*02:01,1,3,12,10,LPSQAMLDLM,Consensus (ann/smm),43.5,21791.94,38,31803.87,49,-,-,-,-
HLA-A*02:01,1,5,12,8,SQAMLDLM,Consensus (ann/smm),44.0,17948.74,31,27938.94,57,-,-,-,-
HLA-B*07:02,3,5,17,13,RNTFVHSVVVPYE,ann,44.0,33040.84,44,-,-,-,-,-,-
HLA-A*68:01,3,10,17,8,HSVVVPYE,ann,44.0,35185.32,44,-,-,-,-,-,-
HLA-B*35:01,3,1,14,14,YLDDRNTFVHSVVV,ann,44.0,32944.45,44,-,-,-,-,-,-
HLA-A*02:01,3,10,17,8,HSVVVPYE,Consensus (ann/smm),44.5,35395.34,72,3541.69,17,-,-,-,-
HLA-B*07:02,3,7,17,11,TFVHSVVVPYE,Consensus (ann/smm),44.5,37190.29,64,14784.61,25,-,-,-,-
HLA-A*02:01,2,3,13,11,GPDEAPWMPEA,Consensus (ann/smm),45.0,33512.49,65,2804.85,25,-,-,-,-
HLA-A*02:01,3,5,15,11,RNTFVHSVVVP,Consensus (ann/smm),45.0,21252.18,37,11243.72,53,-,-,-,-
HLA-B*07:02,1,6,16,11,QAMLDLMLSPD,Consensus (ann/smm),45.0,34109.14,49,28366.78,41,-,-,-,-
HLA-A*68:01,3,1,9,9,YLDDRNTFV,Consensus (ann/smm),45.0,30003.32,33,52178.31,57,-,-,-,-
HLA-A*68:01,2,5,14,10,DEAPWMPEAA,Consensus (ann/smm),45.0,36753.08,49,33036.19,41,-,-,-,-
HLA-B*35:01,1,7,15,9,AMLDLMLSP,Consensus (ann/comblib_sidney2008/smm),45.0,27148.80,29,32777.82,45,0.03,77,-,-
HLA-B*07:02,1,7,17,11,AMLDLMLSPDD,Consensus (ann/smm),45.5,39388.29,77,7547.62,14,-,-,-,-
HLA-B*35:01,1,9,16,8,LDLMLSPD,Consensus (ann/smm),46.0,40846.57,79,20971.04,13,-,-,-,-
HLA-A*68:01,3,5,13,9,RNTFVHSVV,Consensus (ann/smm),46.0,34078.52,42,36015.55,50,-,-,-,-
HLA-A*02:01,1,1,12,12,SPLPSQAMLDLM,ann,46.0,25980.33,46,-,-,-,-,-,-
HLA-B*35:01,2,3,13,11,GPDEAPWMPEA,Consensus (ann/smm),46.5,26858.69,29,30314.47,64,-,-,-,-
HLA-B*07:02,1,4,14,11,PSQAMLDLMLS,Consensus (ann/smm),46.5,36518.02,60,20980.22,33,-,-,-,-
HLA-A*68:01,1,1,10,10,SPLPSQAMLD,Consensus (ann/smm),46.5,36983.24,50,38369.84,43,-,-,-,-
HLA-A*68:01,1,3,12,10,LPSQAMLDLM,Consensus (ann/smm),46.5,32405.69,38,84720.79,55,-,-,-,-
HLA-B*35:01,3,2,11,10,LDDRNTFVHS,Consensus (ann/smm),47.0,37175.81,60,30053.84,34,-,-,-,-
HLA-A*02:01,1,6,16,11,QAMLDLMLSPD,Consensus (ann/smm),47.0,18819.61,33,16630.68,61,-,-,-,-
HLA-B*07:02,3,1,13,13,YLDDRNTFVHSVV,ann,47.0,33690.64,47,-,-,-,-,-,-
HLA-A*68:01,4,2,9,8,LTIITLEV,ann,47.0,36053.96,47,-,-,-,-,-,-
HLA-B*07:02,2,8,17,10,PWMPEAAPPV,Consensus (ann/smm),47.0,36676.41,61,12613.05,33,-,-,-,-
HLA-A*02:01,1,2,10,9,PLPSQAMLD,Consensus (ann/comblib_sidney2008/smm),47.0,36359.52,75,92920.17,47,0.000262,14,-,-
HLA-A*02:01,2,3,11,9,GPDEAPWMP,Consensus (ann/comblib_sidney2008/smm),47.0,33777.88,66,93134.37,47,0.00157,44,-,-
HLA-B*35:01,3,1,12,12,YLDDRNTFVHSV,ann,47.0,33986.46,47,-,-,-,-,-,-
HLA-B*35:01,2,5,13,9,DEAPWMPEA,Consensus (ann/comblib_sidney2008/smm),47.0,21641.09,20,35692.75,47,0.03,80,-,-
HLA-B*07:02,3,2,9,8,LDDRNTFV,Consensus (ann/smm),47.35,40540.12,85,3281.03,9.7,-,-,-,-
HLA-B*35:01,4,2,9,8,LTIITLEV,Consensus (ann/smm),47.5,39485.14,71,33932.82,24,-,-,-,-
HLA-A*68:01,1,7,16,10,AMLDLMLSPD,Consensus (ann/smm),47.5,39710.07,59,24154.05,36,-,-,-,-
HLA-B*07:02,3,6,13,8,NTFVHSVV,Consensus (ann/smm),48.0,32694.83,43,41305.70,53,-,-,-,-
HLA-B*07:02,3,4,16,13,DRNTFVHSVVVPY,ann,48.0,33866.44,48,-,-,-,-,-,-
HLA-B*35:01,1,6,17,12,QAMLDLMLSPDD,ann,48.0,34206.71,48,-,-,-,-,-,-
HLA-B*07:02,3,2,10,9,LDDRNTFVH,Consensus (ann/comblib_sidney2008/smm),48.0,30762.99,37,174940.35,48,0.02,85,-,-
HLA-A*02:01,3,4,11,8,DRNTFVHS,Consensus (ann/smm),48.4,40613.89,89,1104.61,7.8,-,-,-,-
HLA-B*35:01,2,2,12,11,PGPDEAPWMPE,Consensus (ann/smm),48.5,34350.98,49,16056.47,48,-,-,-,-
HLA-B*07:02,3,1,10,10,YLDDRNTFVH,Consensus (ann/smm),48.5,34521.62,50,25752.54,47,-,-,-,-
HLA-A*02:01,1,10,17,8,DLMLSPDD,Consensus (ann/smm),48.75,40175.95,88,1500.41,9.5,-,-,-,-
HLA-B*35:01,2,2,11,10,PGPDEAPWMP,Consensus (ann/smm),49.0,28475.31,32,127614.49,66,-,-,-,-
HLA-B*07:02,2,6,15,10,EAPWMPEAAP,Consensus (ann/smm),49.0,15098.38,13,206928.35,85,-,-,-,-
HLA-A*02:01,1,4,12,9,PSQAMLDLM,Consensus (ann/comblib_sidney2008/smm),49.0,27523.54,49,219336.04,58,0.000553,24,-,-
HLA-B*35:01,3,1,13,13,YLDDRNTFVHSVV,ann,49.0,34350.98,49,-,-,-,-,-,-
HLA-B*07:02,2,8,16,9,PWMPEAAPP,Consensus (ann/comblib_sidney2008/smm),49.0,34187.83,49,2511250.29,84,0.00211,37,-,-
HLA-A*68:01,2,5,16,12,DEAPWMPEAAPP,ann,50.0,37254.34,50,-,-,-,-,-,-
HLA-A*68:01,2,6,16,11,EAPWMPEAAPP,ann,50.0,36945.24,50,-,-,-,-,-,-
HLA-A*02:01,3,6,16,11,NTFVHSVVVPY,Consensus (ann/smm),50.5,16812.72,30,25229.58,71,-,-,-,-
HLA-B*35:01,2,5,12,8,DEAPWMPE,Consensus (ann/smm),50.5,40439.38,77,33544.40,24,-,-,-,-
HLA-A*68:01,1,8,16,9,MLDLMLSPD,Consensus (ann/smm),50.5,34201.90,42,61587.13,59,-,-,-,-
HLA-A*68:01,4,1,8,8,ILTIITLE,ann,51.0,37348.79,51,-,-,-,-,-,-
HLA-B*07:02,1,5,16,12,SQAMLDLMLSPD,ann,51.0,34642.50,51,-,-,-,-,-,-
HLA-A*02:01,2,6,14,9,EAPWMPEAA,Consensus (ann/comblib_sidney2008/smm),51.0,30525.92,57,123626.05,51,0.00111,36,-,-
HLA-A*68:01,2,5,13,9,DEAPWMPEA,Consensus (ann/smm),51.0,38144.75,53,32247.05,49,-,-,-,-
HLA-B*35:01,2,5,14,10,DEAPWMPEAA,Consensus (ann/smm),51.5,26837.77,29,179019.36,74,-,-,-,-
HLA-A*02:01,3,3,13,11,DDRNTFVHSVV,Consensus (ann/smm),51.5,35151.84,71,4167.83,32,-,-,-,-
HLA-B*07:02,1,9,16,8,LDLMLSPD,Consensus (ann/smm),51.5,40035.35,82,7620.97,21,-,-,-,-
HLA-B*35:01,1,7,16,10,AMLDLMLSPD,Consensus (ann/smm),52.0,37699.55,62,45175.19,42,-,-,-,-
HLA-A*68:01,2,4,16,13,PDEAPWMPEAAPP,ann,52.0,37751.82,52,-,-,-,-,-,-
HLA-A*68:01,3,1,13,13,YLDDRNTFVHSVV,ann,52.0,37800.44,52,-,-,-,-,-,-
HLA-A*68:01,2,3,16,14,GPDEAPWMPEAAPP,ann,52.0,37778.36,52,-,-,-,-,-,-
HLA-B*07:02,3,3,16,14,DDRNTFVHSVVVPY,ann,52.0,34943.27,52,-,-,-,-,-,-
HLA-B*35:01,1,2,11,10,PLPSQAMLDL,Consensus (ann/smm),52.15,12364.14,9.3,711049.77,95,-,-,-,-
HLA-A*02:01,2,5,12,8,DEAPWMPE,Consensus (ann/smm),52.5,41011.30,90,2858.97,15,-,-,-,-
HLA-A*68:01,3,4,13,10,DRNTFVHSVV,Consensus (ann/smm),52.5,32755.74,39,168651.42,66,-,-,-,-
HLA-B*07:02,1,10,17,8,DLMLSPDD,Consensus (ann/smm),52.8,44928.86,100,1883.69,5.6,-,-,-,-
HLA-A*68:01,1,1,14,14,SPLPSQAMLDLMLS,ann,53.0,38149.70,53,-,-,-,-,-,-
HLA-B*07:02,1,8,15,8,MLDLMLSP,Consensus (ann/smm),53.0,36143.80,58,31189.61,48,-,-,-,-
HLA-B*07:02,3,1,14,14,YLDDRNTFVHSVVV,ann,53.0,35083.83,53,-,-,-,-,-,-
HLA-B*07:02,3,4,14,11,DRNTFVHSVVV,Consensus (ann/smm),53.0,34452.97,50,43332.13,56,-,-,-,-
HLA-B*35:01,3,4,12,9,DRNTFVHSV,Consensus (ann/comblib_sidney2008/smm),53.0,35430.21,53,263985.46,80,0.00388,29,-,-
HLA-A*68:01,1,8,17,10,MLDLMLSPDD,Consensus (ann/smm),54.0,38040.89,53,86894.04,55,-,-,-,-
HLA-B*07:02,1,6,14,9,QAMLDLMLS,Consensus (ann/comblib_sidney2008/smm),54.0,23185.75,22,252284.17,54,0.01,63,-,-
HLA-B*35:01,3,1,9,9,YLDDRNTFV,Consensus (ann/comblib_sidney2008/smm),55.0,25722.72,27,56439.09,55,0.04,86,-,-
HLA-A*02:01,3,4,13,10,DRNTFVHSVV,Consensus (ann/smm),55.5,31457.04,59,38947.54,52,-,-,-,-
HLA-B*07:02,3,8,17,10,FVHSVVVPYE,Consensus (ann/smm),55.5,33066.59,44,67424.85,67,-,-,-,-
HLA-B*35:01,1,5,14,10,SQAMLDLMLS,Consensus (ann/smm),56.0,34490.27,49,108867.94,63,-,-,-,-
HLA-B*07:02,3,2,14,13,LDDRNTFVHSVVV,ann,56.0,35760.27,56,-,-,-,-,-,-
HLA-B*07:02,3,3,14,12,DDRNTFVHSVVV,ann,56.0,35636.66,56,-,-,-,-,-,-
HLA-A*02:01,1,3,10,8,LPSQAMLD,Consensus (ann/smm),56.5,37619.70,79,11890.77,34,-,-,-,-
HLA-A*02:01,1,2,12,11,PLPSQAMLDLM,Consensus (ann/smm),56.5,24606.58,43,24373.06,70,-,-,-,-
HLA-B*07:02,1,4,13,10,PSQAMLDLML,Consensus (ann/smm),56.5,30588.40,37,109602.38,76,-,-,-,-
HLA-A*68:01,1,5,13,9,SQAMLDLML,Consensus (ann/smm),56.5,34573.96,43,117622.39,70,-,-,-,-
HLA-A*68:01,1,3,14,12,LPSQAMLDLMLS,ann,57.0,39073.76,57,-,-,-,-,-,-
HLA-A*02:01,2,5,14,10,DEAPWMPEAA,Consensus (ann/smm),57.0,35573.86,72,22308.99,42,-,-,-,-
HLA-B*07:02,1,5,17,13,SQAMLDLMLSPDD,ann,57.0,36024.33,57,-,-,-,-,-,-
HLA-A*68:01,3,7,14,8,TFVHSVVV,ann,57.0,39075.02,57,-,-,-,-,-,-
HLA-B*07:02,3,4,17,14,DRNTFVHSVVVPYE,ann,57.0,35864.86,57,-,-,-,-,-,-
HLA-A*68:01,3,2,10,9,LDDRNTFVH,Consensus (ann/smm),57.0,38533.01,55,59770.93,59,-,-,-,-
HLA-B*07:02,1,7,14,8,AMLDLMLS,Consensus (ann/smm),57.5,34136.83,49,76914.82,66,-,-,-,-
HLA-A*02:01,3,9,17,9,VHSVVVPYE,Consensus (ann/comblib_sidney2008/smm),58.0,30933.88,58,796361.03,74,0.000773,30,-,-
HLA-B*07:02,3,5,15,11,RNTFVHSVVVP,Consensus (ann/smm),58.0,34149.40,49,61208.26,67,-,-,-,-
HLA-B*07:02,2,4,12,9,PDEAPWMPE,Consensus (ann/comblib_sidney2008/smm),58.0,34956.88,52,1819240.02,81,0.01,58,-,-
HLA-B*35:01,2,6,13,8,EAPWMPEA,Consensus (ann/smm),58.5,31050.25,38,106811.99,79,-,-,-,-
HLA-B*35:01,3,2,9,8,LDDRNTFV,Consensus (ann/smm),58.5,41983.79,86,41554.69,31,-,-,-,-
HLA-B*07:02,4,1,8,8,ILTIITLE,Consensus (ann/smm),58.5,37933.61,68,33729.51,49,-,-,-,-
HLA-A*02:01,1,1,10,10,SPLPSQAMLD,Consensus (ann/smm),59.0,31286.31,59,58949.48,59,-,-,-,-
HLA-B*07:02,1,4,16,13,PSQAMLDLMLSPD,ann,59.0,36322.18,59,-,-,-,-,-,-
HLA-A*02:01,2,8,16,9,PWMPEAAPP,Consensus (ann/comblib_sidney2008/smm),59.0,41313.26,91,232332.52,59,9.36e-05,5.4,-,-
HLA-B*35:01,1,6,16,11,QAMLDLMLSPD,Consensus (ann/smm),59.5,34135.73,48,40332.02,71,-,-,-,-
HLA-A*68:01,1,2,14,13,PLPSQAMLDLMLS,ann,60.0,39789.64,60,-,-,-,-,-,-
HLA-B*35:01,3,2,12,11,LDDRNTFVHSV,Consensus (ann/smm),60.0,41621.95,84,9498.39,36,-,-,-,-
HLA-A*68:01,1,1,9,9,SPLPSQAML,Consensus (ann/smm),60.0,38342.53,54,90258.89,66,-,-,-,-
HLA-B*35:01,1,5,16,12,SQAMLDLMLSPD,ann,60.0,37152.90,60,-,-,-,-,-,-
HLA-B*35:01,3,7,14,8,TFVHSVVV,Consensus (ann/smm),60.5,41199.89,81,51715.41,40,-,-,-,-
HLA-B*07:02,3,10,17,8,HSVVVPYE,Consensus (ann/smm),60.5,40615.64,85,17100.55,36,-,-,-,-
HLA-B*35:01,1,6,13,8,QAMLDLML,Consensus (ann/smm),61.0,26211.01,27,178903.98,95,-,-,-,-
HLA-A*02:01,3,7,15,9,TFVHSVVVP,Consensus (ann/comblib_sidney2008/smm),61.0,30820.96,57,285831.44,61,0.01,87,-,-
HLA-B*35:01,1,4,13,10,PSQAMLDLML,Consensus (ann/smm),61.5,35168.96,52,158452.83,71,-,-,-,-
HLA-A*02:01,2,7,16,10,APWMPEAAPP,Consensus (ann/smm),61.5,32708.98,63,63457.07,60,-,-,-,-
HLA-B*35:01,1,8,15,8,MLDLMLSP,Consensus (ann/smm),61.5,35531.55,53,90494.04,70,-,-,-,-
HLA-A*02:01,2,3,10,8,GPDEAPWM,Consensus (ann/smm),62.0,36191.15,74,22398.04,50,-,-,-,-
HLA-A*68:01,1,6,13,8,QAMLDLML,ann,62.0,40380.35,62,-,-,-,-,-,-
HLA-B*35:01,1,5,17,13,SQAMLDLMLSPDD,ann,62.0,37581.87,62,-,-,-,-,-,-
HLA-A*02:01,3,2,13,12,LDDRNTFVHSVV,ann,62.0,32383.96,62,-,-,-,-,-,-
HLA-B*07:02,3,3,10,8,DDRNTFVH,Consensus (ann/smm),62.5,42012.42,93,14223.62,32,-,-,-,-
HLA-A*68:01,2,6,17,12,EAPWMPEAAPPV,ann,63.0,40529.17,63,-,-,-,-,-,-
HLA-B*35:01,3,4,14,11,DRNTFVHSVVV,Consensus (ann/smm),63.0,41418.90,82,13540.98,44,-,-,-,-
HLA-B*07:02,1,6,17,12,QAMLDLMLSPDD,ann,63.0,36970.84,63,-,-,-,-,-,-
HLA-B*07:02,3,4,15,12,DRNTFVHSVVVP,ann,63.0,37056.54,63,-,-,-,-,-,-
HLA-B*07:02,3,4,13,10,DRNTFVHSVV,Consensus (ann/smm),63.0,30998.55,38,286959.10,88,-,-,-,-
HLA-A*02:01,2,2,10,9,PGPDEAPWM,Consensus (ann/comblib_sidney2008/smm),63.0,40729.61,90,347624.20,63,0.000546,24,-,-
HLA-A*02:01,2,7,15,9,APWMPEAAP,Consensus (ann/comblib_sidney2008/smm),63.0,32672.19,63,420833.21,66,0.00298,59,-,-
HLA-B*35:01,1,4,11,8,PSQAMLDL,Consensus (ann/smm),63.5,27120.92,29,210678.39,98,-,-,-,-
HLA-B*07:02,3,6,17,12,NTFVHSVVVPYE,ann,64.0,37147.27,64,-,-,-,-,-,-
HLA-A*68:01,1,4,12,9,PSQAMLDLM,Consensus (ann/smm),64.0,39086.86,57,119258.68,71,-,-,-,-
HLA-A*68:01,1,4,14,11,PSQAMLDLMLS,ann,64.0,40687.79,64,-,-,-,-,-,-
HLA-B*35:01,2,4,12,9,PDEAPWMPE,Consensus (ann/comblib_sidney2008/smm),64.0,38130.71,64,244669.59,79,0.00212,19,-,-
HLA-A*68:01,1,7,15,9,AMLDLMLSP,Consensus (ann/smm),64.5,37852.43,52,181338.49,77,-,-,-,-
HLA-A*68:01,2,5,17,13,DEAPWMPEAAPPV,ann,65.0,40947.48,65,-,-,-,-,-,-
HLA-B*07:02,1,4,15,12,PSQAMLDLMLSP,ann,65.0,37334.65,65,-,-,-,-,-,-
HLA-B*35:01,3,2,14,13,LDDRNTFVHSVVV,ann,65.0,38197.19,65,-,-,-,-,-,-
HLA-A*02:01,1,4,11,8,PSQAMLDL,Consensus (ann/smm),65.5,36796.84,76,26194.49,55,-,-,-,-
HLA-A*02:01,2,5,15,11,DEAPWMPEAAP,Consensus (ann/smm),65.5,38734.50,83,9055.45,48,-,-,-,-
HLA-B*35:01,3,3,10,8,DDRNTFVH,Consensus (ann/smm),65.5,39332.93,70,77914.81,61,-,-,-,-
HLA-B*35:01,2,9,16,8,WMPEAAPP,Consensus (ann/smm),66.0,33864.23,47,125204.52,85,-,-,-,-
HLA-A*02:01,1,9,17,9,LDLMLSPDD,Consensus (ann/comblib_sidney2008/smm),66.0,40560.75,89,420833.21,66,0.00325,61,-,-
HLA-B*07:02,1,4,17,14,PSQAMLDLMLSPDD,ann,66.0,37621.32,66,-,-,-,-,-,-
HLA-A*68:01,2,4,17,14,PDEAPWMPEAAPPV,ann,67.0,41356.66,67,-,-,-,-,-,-
HLA-B*35:01,2,4,11,8,PDEAPWMP,Consensus (ann/smm),67.0,31743.56,40,164672.09,94,-,-,-,-
HLA-B*35:01,1,4,16,13,PSQAMLDLMLSPD,ann,67.0,38742.87,67,-,-,-,-,-,-
HLA-A*02:01,2,3,12,10,GPDEAPWMPE,Consensus (ann/smm),67.5,37697.51,79,48026.40,56,-,-,-,-
HLA-A*68:01,2,9,17,9,WMPEAAPPV,Consensus (ann/smm),67.5,38265.04,54,231467.49,81,-,-,-,-
HLA-A*02:01,2,1,8,8,DPGPDEAP,Consensus (ann/smm),68.0,45574.14,100,13037.97,36,-,-,-,-
HLA-A*68:01,1,5,16,12,SQAMLDLMLSPD,ann,68.0,41718.43,68,-,-,-,-,-,-
HLA-A*68:01,3,1,12,12,YLDDRNTFVHSV,ann,68.0,41671.07,68,-,-,-,-,-,-
HLA-A*68:01,1,3,15,13,LPSQAMLDLMLSP,ann,68.0,41619.27,68,-,-,-,-,-,-
HLA-A*68:01,1,3,16,14,LPSQAMLDLMLSPD,ann,68.0,41665.67,68,-,-,-,-,-,-
HLA-B*07:02,3,3,15,13,DDRNTFVHSVVVP,ann,68.0,37890.11,68,-,-,-,-,-,-
HLA-B*07:02,3,6,16,11,NTFVHSVVVPY,Consensus (ann/smm),68.0,35601.19,55,97232.17,81,-,-,-,-
HLA-B*35:01,1,4,17,14,PSQAMLDLMLSPDD,ann,68.0,38951.76,68,-,-,-,-,-,-
HLA-A*68:01,1,5,15,11,SQAMLDLMLSP,ann,68.0,41629.60,68,-,-,-,-,-,-
HLA-A*68:01,1,6,16,11,QAMLDLMLSPD,ann,68.0,41623.75,68,-,-,-,-,-,-
HLA-A*02:01,2,3,14,12,GPDEAPWMPEAA,ann,68.0,34455.59,68,-,-,-,-,-,-
HLA-A*68:01,1,4,13,10,PSQAMLDLML,Consensus (ann/smm),68.5,41319.52,67,225418.73,70,-,-,-,-
HLA-A*68:01,1,1,12,12,SPLPSQAMLDLM,ann,69.0,41797.95,69,-,-,-,-,-,-
HLA-B*35:01,3,5,15,11,RNTFVHSVVVP,Consensus (ann/smm),69.0,42532.90,89,16659.04,49,-,-,-,-
HLA-A*68:01,1,2,15,14,PLPSQAMLDLMLSP,ann,69.0,41862.23,69,-,-,-,-,-,-
HLA-A*02:01,3,2,10,9,LDDRNTFVH,Consensus (ann/comblib_sidney2008/smm),69.0,38658.71,83,549680.08,69,0.000961,34,-,-
HLA-B*07:02,3,2,15,14,LDDRNTFVHSVVVP,ann,69.0,38023.18,69,-,-,-,-,-,-
HLA-B*07:02,3,4,12,9,DRNTFVHSV,Consensus (ann/comblib_sidney2008/smm),69.0,39889.64,81,719266.78,69,0.000623,18,-,-
HLA-B*35:01,2,8,17,10,PWMPEAAPPV,Consensus (ann/smm),69.5,34557.13,49,463340.22,90,-,-,-,-
HLA-A*68:01,3,4,12,9,DRNTFVHSV,Consensus (ann/smm),69.5,41509.07,67,128970.39,72,-,-,-,-
HLA-A*68:01,1,4,15,12,PSQAMLDLMLSP,ann,70.0,41992.89,70,-,-,-,-,-,-
HLA-A*68:01,1,6,17,12,QAMLDLMLSPDD,ann,70.0,41964.27,70,-,-,-,-,-,-
HLA-A*68:01,1,5,17,13,SQAMLDLMLSPDD,ann,70.0,42104.34,70,-,-,-,-,-,-
HLA-A*02:01,3,3,12,10,DDRNTFVHSV,Consensus (ann/smm),70.0,32156.66,61,211582.62,79,-,-,-,-
HLA-B*35:01,1,10,17,8,DLMLSPDD,Consensus (ann/smm),70.0,41839.59,85,69922.99,55,-,-,-,-
HLA-A*68:01,3,3,11,9,DDRNTFVHS,Consensus (ann/smm),70.0,41664.30,68,130463.79,72,-,-,-,-
HLA-B*35:01,1,4,15,12,PSQAMLDLMLSP,ann,70.0,39250.88,70,-,-,-,-,-,-
HLA-B*07:02,1,9,17,9,LDLMLSPDD,Consensus (ann/comblib_sidney2008/smm),70.0,38207.93,70,21227067.45,99,0.01,64,-,-
HLA-A*02:01,2,2,13,12,PGPDEAPWMPEA,ann,70.0,35087.99,70,-,-,-,-,-,-
HLA-B*35:01,1,5,15,11,SQAMLDLMLSP,Consensus (ann/smm),70.5,37778.36,63,52680.51,78,-,-,-,-
HLA-B*35:01,1,7,17,11,AMLDLMLSPDD,Consensus (ann/smm),70.5,41903.02,85,21859.99,56,-,-,-,-
HLA-B*07:02,3,3,12,10,DDRNTFVHSV,Consensus (ann/smm),70.5,41540.96,91,29296.79,50,-,-,-,-
HLA-B*07:02,3,6,15,10,NTFVHSVVVP,Consensus (ann/smm),70.5,36393.37,59,170930.67,82,-,-,-,-
HLA-B*07:02,2,4,14,11,PDEAPWMPEAA,Consensus (ann/smm),70.5,42873.43,97,30889.44,44,-,-,-,-
HLA-A*02:01,2,2,9,8,PGPDEAPW,Consensus (ann/smm),71.0,42373.53,94,20759.17,48,-,-,-,-
HLA-A*02:01,2,1,13,13,DPGPDEAPWMPEA,ann,71.0,35204.36,71,-,-,-,-,-,-
HLA-A*68:01,1,4,16,13,PSQAMLDLMLSPD,ann,71.0,42131.23,71,-,-,-,-,-,-
HLA-B*35:01,3,5,12,8,RNTFVHSV,Consensus (ann/smm),71.0,43749.25,96,58832.87,46,-,-,-,-
HLA-B*07:02,3,2,13,12,LDDRNTFVHSVV,ann,71.0,38327.18,71,-,-,-,-,-,-
HLA-B*35:01,3,2,15,14,LDDRNTFVHSVVVP,ann,71.0,39522.77,71,-,-,-,-,-,-
HLA-B*35:01,3,6,13,8,NTFVHSVV,Consensus (ann/smm),71.5,38128.64,64,106566.33,79,-,-,-,-
HLA-A*02:01,2,3,16,14,GPDEAPWMPEAAPP,ann,72.0,35460.50,72,-,-,-,-,-,-
HLA-A*68:01,1,4,17,14,PSQAMLDLMLSPDD,ann,72.0,42468.54,72,-,-,-,-,-,-
HLA-B*07:02,3,8,15,8,FVHSVVVP,Consensus (ann/smm),72.0,35237.91,54,350759.95,90,-,-,-,-
HLA-B*07:02,3,1,12,12,YLDDRNTFVHSV,ann,72.0,38587.67,72,-,-,-,-,-,-
HLA-A*68:01,2,5,15,11,DEAPWMPEAAP,ann,72.0,42425.38,72,-,-,-,-,-,-
HLA-A*02:01,2,6,13,8,EAPWMPEA,Consensus (ann/smm),73.0,34582.19,69,58507.29,77,-,-,-,-
HLA-A*02:01,2,2,14,13,PGPDEAPWMPEAA,ann,73.0,35963.58,73,-,-,-,-,-,-
HLA-B*07:02,2,5,13,9,DEAPWMPEA,Consensus (ann/comblib_sidney2008/smm),73.0,32692,43,1261507.97,76,0.01,73,-,-
HLA-B*07:02,3,9,16,8,VHSVVVPY,Consensus (ann/smm),73.5,34776.95,51,668359.31,96,-,-,-,-
HLA-A*02:01,2,8,15,8,PWMPEAAP,Consensus (ann/smm),74.0,42354.73,94,25775.67,54,-,-,-,-
HLA-A*68:01,2,4,15,12,PDEAPWMPEAAP,ann,74.0,42722.01,74,-,-,-,-,-,-
HLA-A*02:01,2,3,15,13,GPDEAPWMPEAAP,ann,74.0,36065.68,74,-,-,-,-,-,-
HLA-A*68:01,2,3,15,13,GPDEAPWMPEAAP,ann,74.0,42749.29,74,-,-,-,-,-,-
HLA-A*02:01,2,1,14,14,DPGPDEAPWMPEAA,ann,74.0,36013.80,74,-,-,-,-,-,-
HLA-A*68:01,2,2,15,14,PGPDEAPWMPEAAP,ann,74.0,42765.01,74,-,-,-,-,-,-
HLA-A*68:01,1,7,14,8,AMLDLMLS,ann,74.0,42790,74,-,-,-,-,-,-
HLA-B*35:01,3,5,13,9,RNTFVHSVV,Consensus (ann/comblib_sidney2008/smm),74.0,31115.15,39,182633.31,74,0.04,83,-,-
HLA-A*02:01,2,4,14,11,PDEAPWMPEAA,Consensus (ann/smm),74.5,39377.21,85,18659.93,64,-,-,-,-
HLA-B*07:02,3,2,11,10,LDDRNTFVHS,Consensus (ann/smm),74.5,41727.92,92,39429.38,57,-,-,-,-
HLA-A*68:01,2,1,9,9,DPGPDEAPW,Consensus (ann/smm),74.5,43473.68,78,124305.40,71,-,-,-,-
HLA-A*02:01,2,6,16,11,EAPWMPEAAPP,Consensus (ann/smm),75.0,37287,78,27473.25,72,-,-,-,-
HLA-A*02:01,2,2,15,14,PGPDEAPWMPEAAP,ann,75.0,36548.86,75,-,-,-,-,-,-
HLA-A*68:01,2,6,13,8,EAPWMPEA,ann,75.0,43036.09,75,-,-,-,-,-,-
HLA-B*07:02,1,8,17,10,MLDLMLSPDD,Consensus (ann/smm),75.0,37752.62,67,178986.39,83,-,-,-,-
HLA-A*68:01,2,7,16,10,APWMPEAAPP,Consensus (ann/smm),75.0,43085.94,76,298531.39,74,-,-,-,-
HLA-B*07:02,2,2,10,9,PGPDEAPWM,Consensus (ann/comblib_sidney2008/smm),75.0,36700.62,61,1153161.14,75,0.04,93,-,-
HLA-B*35:01,3,3,11,9,DDRNTFVHS,Consensus (ann/comblib_sidney2008/smm),75.0,40176.83,75,385993.51,85,0.01,37,-,-
HLA-A*02:01,2,4,11,8,PDEAPWMP,Consensus (ann/smm),75.5,40499.36,89,33978.95,62,-,-,-,-
HLA-A*02:01,3,3,10,8,DDRNTFVH,Consensus (ann/smm),75.5,40657.42,89,33435.67,62,-,-,-,-
HLA-A*68:01,3,2,13,12,LDDRNTFVHSVV,ann,76.0,43213.86,76,-,-,-,-,-,-
HLA-A*02:01,2,2,12,11,PGPDEAPWMPE,Consensus (ann/smm),76.0,39862.89,87,19360.21,65,-,-,-,-
HLA-A*68:01,1,3,11,9,LPSQAMLDL,Consensus (ann/smm),76.0,43401.77,77,161618.10,75,-,-,-,-
HLA-B*07:02,3,3,11,9,DDRNTFVHS,Consensus (ann/comblib_sidney2008/smm),76.0,39201.22,76,2454087.26,84,0.01,70,-,-
HLA-B*35:01,4,1,8,8,ILTIITLE,Consensus (ann/smm),76.5,40636.32,78,98996.54,75,-,-,-,-
HLA-B*07:02,2,9,16,8,WMPEAAPP,Consensus (ann/smm),76.5,40296.98,83,94844.03,70,-,-,-,-
HLA-A*02:01,2,2,11,10,PGPDEAPWMP,Consensus (ann/smm),77.0,38935.76,84,120082.58,70,-,-,-,-
HLA-A*68:01,1,8,15,8,MLDLMLSP,ann,77.0,43430.89,77,-,-,-,-,-,-
HLA-A*68:01,3,1,8,8,YLDDRNTF,ann,77.0,43393.80,77,-,-,-,-,-,-
HLA-A*68:01,3,1,11,11,YLDDRNTFVHS,ann,77.0,43289.68,77,-,-,-,-,-,-
HLA-A*68:01,3,3,13,11,DDRNTFVHSVV,ann,77.0,43348.26,77,-,-,-,-,-,-
HLA-B*35:01,2,4,14,11,PDEAPWMPEAA,Consensus (ann/smm),77.5,37196.34,60,121241.14,95,-,-,-,-
HLA-A*02:01,2,4,16,13,PDEAPWMPEAAPP,ann,78.0,37259.17,78,-,-,-,-,-,-
HLA-B*35:01,1,4,14,11,PSQAMLDLMLS,Consensus (ann/smm),78.0,41361.56,82,44325.13,74,-,-,-,-
HLA-A*68:01,1,2,12,11,PLPSQAMLDLM,ann,78.0,43550.88,78,-,-,-,-,-,-
HLA-A*02:01,2,5,16,12,DEAPWMPEAAPP,ann,78.0,37250.30,78,-,-,-,-,-,-
HLA-A*68:01,2,4,12,9,PDEAPWMPE,Consensus (ann/smm),78.5,45876.93,92,83270.28,65,-,-,-,-
HLA-A*68:01,2,7,15,9,APWMPEAAP,Consensus (ann/smm),79.0,44743.05,85,134428.08,73,-,-,-,-
HLA-A*02:01,2,7,14,8,APWMPEAA,Consensus (ann/smm),79.5,34350.62,68,120839.80,91,-,-,-,-
HLA-A*02:01,2,6,15,10,EAPWMPEAAP,Consensus (ann/smm),79.5,36829.91,76,307949.85,83,-,-,-,-
HLA-B*35:01,3,4,11,8,DRNTFVHS,Consensus (ann/smm),80.0,44855.03,100,76492.70,60,-,-,-,-
HLA-B*07:02,2,4,13,10,PDEAPWMPEA,Consensus (ann/smm),80.0,41356.20,90,79950.28,70,-,-,-,-
HLA-B*35:01,3,5,14,10,RNTFVHSVVV,Consensus (ann/smm),80.5,38325.52,65,805193.02,96,-,-,-,-
HLA-A*68:01,3,3,12,10,DDRNTFVHSV,Consensus (ann/smm),80.5,41120.62,66,2382264.62,95,-,-,-,-
HLA-B*35:01,3,4,13,10,DRNTFVHSVV,Consensus (ann/smm),81.0,39744.48,73,415814.85,89,-,-,-,-
HLA-B*35:01,3,2,13,12,LDDRNTFVHSVV,ann,81.0,41201.21,81,-,-,-,-,-,-
HLA-A*68:01,2,1,10,10,DPGPDEAPWM,Consensus (ann/smm),81.0,44194.10,82,472052.17,80,-,-,-,-
HLA-B*35:01,3,9,17,9,VHSVVVPYE,Consensus (ann/comblib_sidney2008/smm),81.0,36486.03,57,280918.28,81,0.04,82,-,-
HLA-A*02:01,1,1,8,8,SPLPSQAM,Consensus (ann/smm),81.5,39111.82,84,64151.97,79,-,-,-,-
HLA-B*35:01,2,4,13,10,PDEAPWMPEA,Consensus (ann/smm),81.5,39335.89,70,546890.02,93,-,-,-,-
HLA-A*02:01,2,1,10,10,DPGPDEAPWM,Consensus (ann/smm),82.0,40905.40,90,147733.84,74,-,-,-,-
HLA-B*35:01,1,7,14,8,AMLDLMLS,Consensus (ann/smm),82.0,40916.46,79,125204.52,85,-,-,-,-
HLA-A*68:01,1,5,12,8,SQAMLDLM,ann,82.0,44214.17,82,-,-,-,-,-,-
HLA-A*68:01,1,2,10,9,PLPSQAMLD,Consensus (ann/smm),82.0,42850.70,74,511081.31,90,-,-,-,-
HLA-B*35:01,3,3,14,12,DDRNTFVHSVVV,ann,82.0,41359.35,82,-,-,-,-,-,-
HLA-B*07:02,3,2,12,11,LDDRNTFVHSV,Consensus (ann/smm),82.5,42414.35,95,66040.45,70,-,-,-,-
HLA-A*68:01,1,1,13,13,SPLPSQAMLDLML,ann,83.0,44390.08,83,-,-,-,-,-,-
HLA-A*02:01,2,4,15,12,PDEAPWMPEAAP,ann,83.0,38735.75,83,-,-,-,-,-,-
HLA-A*68:01,2,1,14,14,DPGPDEAPWMPEAA,ann,84.0,44570.08,84,-,-,-,-,-,-
HLA-A*68:01,2,8,16,9,PWMPEAAPP,Consensus (ann/smm),85.0,44392.03,83,371954.66,87,-,-,-,-
HLA-B*07:02,2,4,11,8,PDEAPWMP,Consensus (ann/smm),85.5,42016.05,93,148255.22,78,-,-,-,-
HLA-A*68:01,2,3,11,9,GPDEAPWMP,Consensus (ann/smm),85.5,46076.43,93,197464.94,78,-,-,-,-
HLA-A*02:01,3,2,11,10,LDDRNTFVHS,Consensus (ann/smm),86.0,36542.93,75,1847055.73,97,-,-,-,-
HLA-A*02:01,2,1,9,9,DPGPDEAPW,Consensus (ann/comblib_sidney2008/smm),86.0,39659.42,86,3516494.97,88,0.000654,27,-,-
HLA-B*07:02,3,3,13,11,DDRNTFVHSVV,Consensus (ann/smm),86.0,38573.46,72,583189.91,100,-,-,-,-
HLA-A*68:01,1,2,11,10,PLPSQAMLDL,Consensus (ann/smm),86.0,44058.50,81,1330423.78,91,-,-,-,-
HLA-B*07:02,3,7,15,9,TFVHSVVVP,Consensus (ann/comblib_sidney2008/smm),86.0,35036.77,53,2759878.73,86,0.06,98,-,-
HLA-A*02:01,2,1,12,12,DPGPDEAPWMPE,ann,86.0,39533.45,86,-,-,-,-,-,-
HLA-A*68:01,3,3,10,8,DDRNTFVH,ann,87.0,45041.77,87,-,-,-,-,-,-
HLA-A*68:01,1,9,17,9,LDLMLSPDD,Consensus (ann/smm),87.0,43683.03,79,1043494.11,95,-,-,-,-
HLA-B*35:01,3,3,15,13,DDRNTFVHSVVVP,ann,87.0,42187.79,87,-,-,-,-,-,-
HLA-B*35:01,3,4,15,12,DRNTFVHSVVVP,ann,87.0,42173.64,87,-,-,-,-,-,-
HLA-A*68:01,1,3,13,11,LPSQAMLDLML,ann,87.0,45034.48,87,-,-,-,-,-,-
HLA-A*68:01,1,2,13,12,PLPSQAMLDLML,ann,88.0,45184.80,88,-,-,-,-,-,-
HLA-A*02:01,2,1,11,11,DPGPDEAPWMP,Consensus (ann/smm),88.0,40045.32,87,73436.17,89,-,-,-,-
HLA-A*68:01,2,8,17,10,PWMPEAAPPV,Consensus (ann/smm),88.0,44392.48,83,1774148.63,93,-,-,-,-
HLA-B*07:02,3,9,17,9,VHSVVVPYE,Consensus (ann/comblib_sidney2008/smm),88.0,31508.82,39,9308720.70,95,0.03,88,-,-
HLA-A*68:01,3,5,12,8,RNTFVHSV,ann,89.0,45332.69,89,-,-,-,-,-,-
HLA-B*07:02,2,5,14,10,DEAPWMPEAA,Consensus (ann/smm),89.0,39832.29,80,1101082.85,98,-,-,-,-
HLA-A*02:01,2,4,12,9,PDEAPWMPE,Consensus (ann/comblib_sidney2008/smm),89.0,40690.42,89,81303641.95,100,0.00229,53,-,-
HLA-A*02:01,2,4,13,10,PDEAPWMPEA,Consensus (ann/smm),89.5,38293.21,81,3100844.59,98,-,-,-,-
HLA-B*07:02,2,5,12,8,DEAPWMPE,Consensus (ann/smm),89.5,40931.95,87,420736.32,92,-,-,-,-
HLA-A*68:01,3,2,11,10,LDDRNTFVHS,Consensus (ann/smm),89.5,43995.61,81,5011756.93,98,-,-,-,-
HLA-A*68:01,2,5,12,8,DEAPWMPE,ann,90.0,45589.43,90,-,-,-,-,-,-
HLA-A*02:01,3,3,11,9,DDRNTFVHS,Consensus (ann/comblib_sidney2008/smm),90.0,37589.58,79,10118357.04,95,0.01,90,-,-
HLA-A*68:01,1,7,17,11,AMLDLMLSPDD,ann,90.0,45603.25,90,-,-,-,-,-,-
HLA-A*68:01,2,4,14,11,PDEAPWMPEAA,ann,90.0,45669.91,90,-,-,-,-,-,-
HLA-B*07:02,3,1,11,11,YLDDRNTFVHS,Consensus (ann/smm),90.5,40881.51,87,199438.96,94,-,-,-,-
HLA-A*68:01,2,3,14,12,GPDEAPWMPEAA,ann,91.0,45742.13,91,-,-,-,-,-,-
HLA-A*68:01,2,2,14,13,PGPDEAPWMPEAA,ann,91.0,45764.41,91,-,-,-,-,-,-
HLA-B*07:02,1,2,10,9,PLPSQAMLD,Consensus (ann/comblib_sidney2008/smm),91.0,38680.45,73,19049781.56,99,0.03,91,-,-
HLA-B*35:01,3,3,12,10,DDRNTFVHSV,Consensus (ann/smm),91.5,42187.32,87,833489.24,96,-,-,-,-
HLA-A*68:01,2,3,12,10,GPDEAPWMPE,Consensus (ann/smm),91.5,45439.73,89,1995216.37,94,-,-,-,-
HLA-B*35:01,3,3,13,11,DDRNTFVHSVV,Consensus (ann/smm),92.0,42813.16,91,109559.49,93,-,-,-,-
HLA-A*68:01,1,10,17,8,DLMLSPDD,ann,92.0,45862.53,92,-,-,-,-,-,-
HLA-A*68:01,2,9,16,8,WMPEAAPP,ann,92.0,45952.44,92,-,-,-,-,-,-
HLA-A*68:01,1,1,11,11,SPLPSQAMLDL,ann,92.0,45907.71,92,-,-,-,-,-,-
HLA-B*35:01,1,2,10,9,PLPSQAMLD,Consensus (ann/comblib_sidney2008/smm),92.0,42432.24,89,775496.78,92,0.07,96,-,-
HLA-B*07:02,2,6,13,8,EAPWMPEA,Consensus (ann/smm),92.5,40793.12,86,1330485.05,99,-,-,-,-
HLA-A*68:01,2,4,13,10,PDEAPWMPEA,Consensus (ann/smm),92.5,44643.44,85,43852060.03,100,-,-,-,-
HLA-A*68:01,1,1,8,8,SPLPSQAM,ann,94.0,46237.23,94,-,-,-,-,-,-
HLA-B*07:02,2,2,11,10,PGPDEAPWMP,Consensus (ann/smm),94.0,41808.36,92,760011.21,96,-,-,-,-
HLA-A*68:01,3,2,12,11,LDDRNTFVHSV,ann,94.0,46254.73,94,-,-,-,-,-,-
HLA-A*68:01,2,1,12,12,DPGPDEAPWMPE,ann,95.0,46539.89,95,-,-,-,-,-,-
HLA-A*68:01,2,1,13,13,DPGPDEAPWMPEA,ann,95.0,46400.59,95,-,-,-,-,-,-
HLA-A*68:01,1,3,10,8,LPSQAMLD,ann,95.0,46506.16,95,-,-,-,-,-,-
HLA-A*68:01,3,2,9,8,LDDRNTFV,ann,95.0,46472.44,95,-,-,-,-,-,-
HLA-B*07:02,3,4,11,8,DRNTFVHS,Consensus (ann/smm),95.5,44256.30,100,372400.28,91,-,-,-,-
HLA-A*68:01,1,4,11,8,PSQAMLDL,ann,96.0,46675.03,96,-,-,-,-,-,-
HLA-A*68:01,1,9,16,8,LDLMLSPD,ann,96.0,46665.43,96,-,-,-,-,-,-
HLA-A*68:01,2,7,14,8,APWMPEAA,ann,96.0,46667.44,96,-,-,-,-,-,-
HLA-A*68:01,2,10,17,8,MPEAAPPV,ann,96.0,46695.23,96,-,-,-,-,-,-
HLA-A*68:01,2,2,11,10,PGPDEAPWMP,Consensus (ann/smm),96.0,47013.08,98,2094064.24,94,-,-,-,-
HLA-A*68:01,1,2,9,8,PLPSQAML,ann,97.0,46824.75,97,-,-,-,-,-,-
HLA-A*68:01,3,4,11,8,DRNTFVHS,ann,98.0,47021.75,98,-,-,-,-,-,-
HLA-A*68:01,2,2,10,9,PGPDEAPWM,Consensus (ann/smm),98.0,46779.17,97,2125641.40,99,-,-,-,-
HLA-A*68:01,2,7,17,11,APWMPEAAPPV,ann,98.0,47130.23,98,-,-,-,-,-,-
HLA-A*68:01,2,1,8,8,DPGPDEAP,ann,99.0,47329,99,-,-,-,-,-,-
HLA-A*68:01,2,1,11,11,DPGPDEAPWMP,ann,99.0,47232.34,99,-,-,-,-,-,-
HLA-A*68:01,2,3,13,11,GPDEAPWMPEA,ann,99.0,47442.31,99,-,-,-,-,-,-
HLA-A*68:01,2,2,13,12,PGPDEAPWMPEA,ann,100.0,47540.96,100,-,-,-,-,-,-
HLA-A*68:01,2,2,9,8,PGPDEAPW,ann,100.0,48121.12,100,-,-,-,-,-,-
HLA-A*68:01,2,3,10,8,GPDEAPWM,ann,100.0,47922.11,100,-,-,-,-,-,-
HLA-A*68:01,2,4,11,8,PDEAPWMP,ann,100.0,48042.55,100,-,-,-,-,-,-
HLA-A*68:01,2,8,15,8,PWMPEAAP,ann,100.0,47671.29,100,-,-,-,-,-,-
HLA-A*68:01,2,2,12,11,PGPDEAPWMPE,ann,100.0,47760.10,100,-,-,-,-,-,-
